timestamp,Voltage_mean,Voltage_max,R Current_mean,R Current_max,Y Current_mean,Y Current_max,B Current_mean,B Current_max,R Power_mean,R Power_max,Y Power_mean,Y Power_max,B Power_mean,B Power_max,Frequency_mean,Frequency_max,Power Factor_mean,Power Factor_max,Total Energy_mean,Total Energy_max,energy_delta_kwh,reconstruction_error,anomaly_flag
2025-01-11 05:30:00+00:00,7053.0,7053.0,2.0,2.0,0.116607067,0.116607067,4.0,4.0,5.0,5.0,6.0,6.0,7.0,7.0,49.936,49.936,0.95,0.95,2152299.486,2152299.486,0.0,481.4586,True
2025-01-11 05:45:00+00:00,7053.0,7053.0,2.0,2.0,0.116607067,0.116607067,4.0,4.0,5.0,5.0,6.0,6.0,7.0,7.0,49.936,49.936,0.95,0.95,2152299.486,2152299.486,0.0,481.4586,True
2025-01-11 06:00:00+00:00,7053.0,7053.0,2.0,2.0,0.116607067,0.116607067,4.0,4.0,5.0,5.0,6.0,6.0,7.0,7.0,49.936,49.936,0.95,0.95,2152299.486,2152299.486,0.0,481.4586,True
2025-01-11 06:15:00+00:00,7053.0,7053.0,2.0,2.0,0.116607067,0.116607067,4.0,4.0,5.0,5.0,6.0,6.0,7.0,7.0,49.936,49.936,0.95,0.95,2152299.486,2152299.486,0.0,481.4586,True
2025-01-11 06:30:00+00:00,7053.0,7053.0,2.0,2.0,0.116607067,0.116607067,4.0,4.0,5.0,5.0,6.0,6.0,7.0,7.0,49.936,49.936,0.95,0.95,2152299.486,2152299.486,0.0,481.4586,True
2025-01-11 06:45:00+00:00,7053.0,7053.0,2.0,2.0,0.116607067,0.116607067,4.0,4.0,5.0,5.0,6.0,6.0,7.0,7.0,49.936,49.936,0.95,0.95,2152299.486,2152299.486,0.0,481.4586,True
2025-01-11 07:00:00+00:00,7053.0,7053.0,2.0,2.0,0.116607067,0.116607067,4.0,4.0,5.0,5.0,6.0,6.0,7.0,7.0,49.936,49.936,0.95,0.95,2152299.486,2152299.486,0.0,481.4586,True
2025-03-13 08:45:00+00:00,232.48,232.48,2.42,2.42,0.46,0.46,3.38,3.38,464.15,464.15,85.95,85.95,717.23,717.23,50.0,50.0,0.89,0.89,1001832.06,1001832.06,0.2190600000000558,14.9951725,True
2025-03-13 09:00:00+00:00,231.02,231.02,2.42,2.42,0.46,0.46,3.595,3.81,462.62,462.77,85.6,85.64,753.99,791.92,49.99,50.0,0.885,0.89,1002165.0,1002278.81,0.44675,15.140986,True
2025-04-05 07:30:00+00:00,230.62,230.62,1.98,1.98,0.53,0.53,3.55,3.55,402.59,402.59,93.46,93.46,779.56,779.56,50.12,50.12,0.93,0.93,1244990.5,1244990.5,0.4446200000001117,19.022383,True
2025-04-08 06:30:00+00:00,230.305,230.78,1.25,1.25,0.53,0.53,3.05,3.56,234.36,234.43,48.911,94.6,659.795,766.05,50.02,50.1,0.91,0.91,1275204.565,1275299.38,0.3286299999998882,15.339088,True
2025-04-08 06:45:00+00:00,230.49,230.49,0.64,0.64,0.53,0.53,3.54,3.54,124.86,124.86,94.67,94.67,761.82,761.82,49.99,49.99,0.92,0.92,1275479.5,1275479.5,0.1801200000001117,18.469376,True
2025-04-13 06:45:00+00:00,233.29,233.29,0.12,0.12,0.51,0.51,1.43,1.43,11.25,11.25,94.76,94.76,323.61,323.61,50.2,50.2,0.95,0.95,1352490.5,1352490.5,0.0775,18.055462,True
2025-04-19 04:00:00+00:00,229.16,229.16,1.55,1.55,0.49,0.49,2.47,2.47,291.59,291.59,87.23,87.23,517.44,517.44,50.02,50.02,0.89,0.89,1430229.5,1430229.5,0.26425,15.197581,True
2025-04-19 04:15:00+00:00,228.5,228.5,2.15,2.15,0.49,0.49,2.81,2.81,402.34,402.34,87.08,87.08,595.43,595.43,50.01,50.01,0.89,0.89,1430401.13,1430401.13,0.1716299999998882,15.694684,True
2025-04-19 06:15:00+00:00,234.84,234.84,2.68,2.68,0.105167877,0.105167877,2.64,2.64,540.51,540.51,0.1,0.1,605.64,605.64,49.25,49.25,0.94,0.94,1433004.25,1433004.25,0.2883700000001117,15.2427845,True
2025-04-19 10:45:00+00:00,229.035,229.23,1.23,1.23,0.52,0.52,2.44,2.55,279.025,279.51,75.469,94.53,539.905,559.56,49.975,49.98,0.975,0.98,1439108.5,1439187.5,0.4428700000001118,16.19286,True
2025-04-19 11:00:00+00:00,228.99,228.99,1.23,1.23,0.51,0.51,2.55,2.55,278.88,278.88,94.15,94.15,558.65,558.65,49.95,49.95,0.97,0.97,1439346.88,1439346.88,0.1593799999998882,17.27816,True
2025-04-19 11:15:00+00:00,232.545,236.77,1.23,1.23,0.505,0.51,2.405,2.51,282.485,287.53,93.7,94.2,541.27,549.16,49.735,49.96,0.98,0.99,1439528.69,1439552.63,0.20575,18.115974,True
2025-04-19 11:30:00+00:00,235.48,237.22,1.23,1.23,0.495,0.5,2.305,2.31,285.475,287.33,92.49,93.48,527.55,528.63,49.615,50.03,0.985,0.99,1439732.505,1439756.88,0.20425,18.500027,True
2025-04-19 11:45:00+00:00,232.63,233.19,1.26,1.29,0.505,0.51,2.645,2.65,290.575,297.58,93.31,93.51,598.13,598.54,49.995000000000005,50.03,0.98,0.98,1440008.94,1440095.0,0.3381200000001118,17.089977,True
2025-04-19 12:00:00+00:00,232.63,233.19,1.26,1.29,0.505,0.51,2.645,2.65,290.575,297.58,93.31,93.51,598.13,598.54,49.995000000000005,50.03,0.98,0.98,1440008.94,1440095.0,0.0,17.089977,True
2025-04-19 12:15:00+00:00,230.855,231.23,1.29,1.29,0.505,0.51,2.65,2.65,293.895,294.73,93.545,93.67,594.985,595.37,50.04,50.05,0.98,0.98,1440517.875,1440602.0,0.507,17.147205,True
2025-04-21 07:30:00+00:00,231.925,231.96,2.97,2.97,0.48,0.48,4.484,4.55,591.7159999999999,598.882,86.85,86.99,976.829,1011.75,50.02,50.06,0.97,0.97,1462858.815,1463012.88,0.6035,17.614374,True
2025-04-21 07:45:00+00:00,231.68,231.68,2.97,2.97,0.48,0.48,4.524,4.524,587.39,587.39,86.53,86.53,1017.934,1017.934,50.01,50.01,0.97,0.97,1463334.5,1463334.5,0.3216200000001117,17.549421,True
2025-04-22 06:15:00+00:00,227.99,227.99,1.83,1.83,0.51,0.51,2.56,2.56,405.43,405.43,92.53,92.53,573.8,573.8,49.85,49.85,0.97,0.97,1480813.75,1480813.75,0.17825,17.862078,True
2025-04-22 07:15:00+00:00,230.76,230.76,2.67,2.67,0.45,0.45,4.78,4.78,584.67,584.67,80.75,80.75,984.012,984.012,49.94,49.94,0.96,0.96,1482255.25,1482255.25,0.2995,15.408925,True
2025-04-23 07:00:00+00:00,228.25,228.25,2.57,2.57,0.5,0.5,4.06,4.06,502.41,502.41,90.14,90.14,885.43,885.43,49.92,49.92,0.93,0.93,1497317.5,1497317.5,0.2498700000001117,17.96757,True
2025-04-23 07:15:00+00:00,229.735,230.48,2.565,2.57,0.495,0.5,4.035,4.04,501.535,501.61,89.59,89.7,886.2049999999999,887.29,49.995000000000005,50.02,0.93,0.93,1497696.065,1497822.38,0.5048799999998882,17.580273,True
2025-04-23 08:30:00+00:00,230.68,231.28,2.685,2.69,0.44,0.44,3.76,4.02,530.125,530.54,86.58,87.14,829.72,883.93,49.995000000000005,50.03,0.93,0.93,1499343.065,1499470.25,0.48075,14.994743,True
2025-04-23 08:45:00+00:00,229.26,229.26,2.7,2.7,0.44,0.44,4.03,4.03,529.4,529.4,85.92,85.92,882.06,882.06,49.95,49.95,0.93,0.93,1499726.75,1499726.75,0.2565,15.027423,True
2025-04-24 04:15:00+00:00,226.56,226.56,0.1,0.1,0.5,0.5,0.87,0.87,0.1,0.1,88.55,88.55,183.71,183.71,49.97,49.97,0.93,0.93,1507727.63,1507727.63,0.0341299999998882,15.833778,True
2025-05-02 07:15:00+00:00,232.09,232.09,2.33,2.33,0.46,0.46,4.25,4.25,476.1,476.1,82.13,82.13,948.18,948.18,49.93,49.93,0.94,0.94,1617213.5,1617213.5,0.25175,15.037886,True
2025-05-05 10:30:00+00:00,228.11,228.11,1.53,1.53,0.49,0.49,1.87,1.87,297.4,297.4,87.92,87.92,405.17,405.17,49.95,49.95,0.91,0.91,1655792.88,1655792.88,0.13025,15.190149,True
2025-05-05 10:45:00+00:00,226.92,226.92,1.67,1.67,0.49,0.49,1.87,1.87,335.21,335.21,87.94,87.94,404.26,404.26,50.0,50.0,0.92,0.92,1655929.38,1655929.38,0.1365,15.180264,True
2025-05-05 11:00:00+00:00,226.705,226.9,1.67,1.67,0.495,0.5,1.87,1.87,335.875,336.03,87.835,87.85,403.79,403.97,50.010000000000005,50.03,0.92,0.92,1656141.69,1656212.38,0.283,15.468348,True
2025-05-05 11:15:00+00:00,226.38,226.38,1.67,1.67,0.5,0.5,1.86,1.86,335.63,335.63,87.71,87.71,402.87,402.87,49.92,49.92,0.92,0.92,1656353.75,1656353.75,0.1413700000001117,15.739804,True
2025-05-05 11:30:00+00:00,228.465,228.74,1.665,1.67,0.49,0.49,1.86,1.86,336.21000000000004,336.57,87.405,87.49,405.06,405.59,50.02,50.05,0.92,0.92,1656565.75,1656636.5,0.28275,15.114943,True
2025-05-05 12:00:00+00:00,235.23,237.28,1.7166666666666668,1.73,0.4766666666666666,0.48,1.7333333333333334,1.86,356.82,358.42,86.49333333333334,87.07,385.85,410.85,49.67666666666667,50.1,0.9266666666666667,0.93,1656984.17,1657085.63,0.30725,16.048534,True
2025-05-05 12:15:00+00:00,228.39,228.44,1.75,1.75,0.5,0.5,1.86,1.86,355.42,355.65,89.705,89.82,405.515,406.09,50.120000000000005,50.17,0.93,0.93,1657202.065,1657274.63,0.189,16.378054,True
2025-05-05 12:30:00+00:00,230.38,230.38,1.74,1.74,0.49,0.49,2.1,2.1,356.05,356.05,89.16,89.16,460.88,460.88,50.2,50.2,0.93,0.93,1657420.25,1657420.25,0.1456200000001117,16.312103,True
2025-05-06 06:30:00+00:00,234.07,234.07,1.86,1.86,0.47,0.47,2.12,2.12,390.51,390.51,85.31,85.31,468.19,468.19,50.24,50.24,0.92,0.92,1664730.13,1664730.13,0.3235,15.400998,True
2025-05-06 06:45:00+00:00,232.1,232.1,2.85,2.85,0.47,0.47,4.04,4.04,605.35,605.35,85.11,85.11,893.53,893.53,49.97,49.97,0.94,0.94,1665236.25,1665236.25,0.5061200000001118,16.347528,True
2025-05-06 07:00:00+00:00,233.425,233.64,2.845,2.85,0.47,0.47,4.075,4.12,605.8199999999999,606.81,85.07,85.1,904.83,915.87,50.085,50.09,0.94,0.94,1665643.815,1665779.38,0.5431299999998882,16.48741,True
2025-05-06 07:15:00+00:00,233.425,233.64,2.845,2.85,0.47,0.47,4.075,4.12,605.8199999999999,606.81,85.07,85.1,904.83,915.87,50.085,50.09,0.94,0.94,1665643.815,1665779.38,0.0,16.48741,True
2025-05-06 07:30:00+00:00,233.425,233.64,2.845,2.85,0.47,0.47,4.075,4.12,605.8199999999999,606.81,85.07,85.1,904.83,915.87,50.085,50.09,0.94,0.94,1665643.815,1665779.38,0.0,16.48741,True
2025-05-08 04:15:00+00:00,230.47,230.47,0.3,0.3,0.5,0.5,0.97,0.97,49.77,49.77,92.14,92.14,213.32,213.32,50.05,50.05,0.92,0.92,1693370.5,1693370.5,0.043,16.268505,True
2025-05-08 07:30:00+00:00,233.64,233.85,2.4850000000000003,2.49,0.5,0.5,4.34,4.34,528.1800000000001,528.61,93.1,93.39,971.845,973.01,50.01,50.05,0.95,0.95,1696310.625,1696446.75,0.5426200000001118,18.663248,True
2025-05-10 07:30:00+00:00,231.26,231.26,2.58,2.58,0.45,0.45,4.35,4.35,553.01,553.01,82.59,82.59,955.72,955.72,50.06,50.06,0.95,0.95,1724720.88,1724720.88,0.2606299999998882,15.1031065,True
2025-05-10 09:00:00+00:00,229.22,230.32,2.5250000000000004,2.6,0.45,0.45,4.359999999999999,4.37,533.7950000000001,547.37,81.425,81.75,951.64,955.12,49.995000000000005,50.0,0.95,0.95,1727033.69,1727167.63,0.8131299999998882,14.84849,True
2025-05-12 09:30:00+00:00,228.66,228.66,2.9,2.9,0.48,0.48,4.02,4.02,602.54,602.54,91.06,91.06,889.64,889.64,50.07,50.07,0.95,0.95,1744711.5,1744711.5,0.2793700000001117,17.787014,True
2025-05-12 09:45:00+00:00,227.96,228.12,2.905,2.91,0.425,0.48,4.025,4.03,602.495,602.94,77.0,90.58,886.4200000000001,886.46,50.04,50.05,0.95,0.95,1745116.005,1745250.13,0.5386299999998883,15.495364,True
2025-05-13 07:15:00+00:00,231.28,231.28,2.34,2.34,0.49,0.49,4.44,4.44,492.33,492.33,90.57,90.57,983.17,983.17,49.92,49.92,0.95,0.95,1755575.88,1755575.88,0.2705,17.833796,True
2025-05-19 07:00:00+00:00,230.585,230.79,2.69,2.76,0.505,0.51,4.535,4.54,559.685,577.33,92.96,93.12,1011.875,1013.41,49.97,49.97,0.95,0.95,1832693.63,1832834.63,0.5591299999998882,19.41962,True
2025-05-19 07:15:00+00:00,231.0,231.0,2.75,2.75,0.5,0.5,4.53,4.53,573.32,573.32,92.55,92.55,1011.3,1011.3,49.95,49.95,0.95,0.95,1833126.0,1833126.0,0.2913700000001117,19.106995,True
2025-05-19 07:30:00+00:00,231.0,231.0,2.75,2.75,0.5,0.5,4.53,4.53,573.32,573.32,92.55,92.55,1011.3,1011.3,49.95,49.95,0.95,0.95,1833126.0,1833126.0,0.0,19.106995,True
2025-05-20 05:00:00+00:00,232.64,232.64,1.62,1.62,0.48,0.48,3.03,3.03,337.99,337.99,87.82,87.82,689.24,689.24,49.95,49.95,0.96,0.96,1844819.13,1844819.13,0.15575,15.246513,True
2025-05-20 05:45:00+00:00,231.035,231.22,1.48,1.48,0.485,0.49,2.135,2.14,299.24,299.33,87.99,88.02,477.54,477.9,49.98,50.0,0.94,0.94,1845457.69,1845531.63,0.2965,15.029424,True
2025-05-20 06:30:00+00:00,229.9,229.9,1.48,1.48,0.49,0.49,2.01,2.01,298.92,298.92,88.01,88.01,440.99,440.99,49.88,49.88,0.93,0.93,1846102.38,1846102.38,0.4278799999998882,15.4860935,True
2025-05-20 06:45:00+00:00,229.61,229.61,2.5,2.5,0.49,0.49,4.18,4.18,518.6,518.6,87.93,87.93,921.56,921.56,49.87,49.87,0.95,0.95,1846285.13,1846285.13,0.18275,17.584759,True
2025-05-20 07:00:00+00:00,229.61,229.61,2.5,2.5,0.49,0.49,4.18,4.18,518.6,518.6,87.93,87.93,921.56,921.56,49.87,49.87,0.95,0.95,1846285.13,1846285.13,0.0,17.584759,True
2025-05-21 04:30:00+00:00,227.91,227.91,1.05,1.05,0.5,0.5,2.17,2.17,206.44,206.44,90.28,90.28,467.61,467.61,49.98,49.98,0.92,0.92,1858386.75,1858386.75,0.1123700000001117,15.795044,True
2025-05-21 04:45:00+00:00,228.865,230.1,1.515,1.52,0.495,0.5,1.995,2.0,307.99,309.42,89.93,90.06,429.11,432.14,50.03,50.04,0.92,0.92,1858602.19,1858672.75,0.286,15.755011,True
2025-05-21 05:00:00+00:00,229.57,229.57,2.39,2.39,0.5,0.5,2.16,2.16,517.62,517.62,89.81,89.81,474.35,474.35,49.97,49.97,0.95,0.95,1858845.63,1858845.63,0.1728799999998882,16.733105,True
2025-05-21 07:30:00+00:00,236.045,236.06,2.59,2.59,0.47,0.47,3.92,3.92,545.225,545.24,86.825,86.84,878.315,878.66,50.02,50.05,0.93,0.93,1861438.005,1861567.13,0.774,16.098148,True
2025-05-21 07:45:00+00:00,236.58,236.58,2.58,2.58,0.47,0.47,3.92,3.92,546.1,546.1,86.94,86.94,878.35,878.35,50.05,50.05,0.93,0.93,1861825.0,1861825.0,0.2578700000001117,16.127468,True
2025-05-22 04:15:00+00:00,229.51,229.51,0.1,0.1,0.5,0.5,1.24,1.24,0.1,0.1,91.19,91.19,271.31,271.31,50.31,50.31,0.94,0.94,1871645.63,1871645.63,0.08125,18.22198,True
2025-05-22 04:30:00+00:00,230.1,230.1,1.28,1.28,0.49,0.49,2.32,2.32,258.82,258.82,90.39,90.39,507.46,507.46,50.44,50.44,0.93,0.93,1871776.38,1871776.38,0.13075,19.781912,True
2025-05-22 09:45:00+00:00,230.34,230.34,3.02,3.02,0.49,0.49,4.52,4.52,617.19,617.19,90.53,90.53,992.29,992.29,50.07,50.07,0.95,0.95,1879406.38,1879406.38,0.6105,18.665157,True
2025-05-24 11:00:00+00:00,229.81,229.81,2.274,2.274,0.51,0.51,2.83,2.83,480.228,480.228,94.49,94.49,605.16,605.16,49.94,49.94,0.94,0.94,1916728.13,1916728.13,0.2263799999998882,18.02904,True
2025-05-24 11:15:00+00:00,229.8,230.28,1.614,1.71,0.51,0.51,2.73,2.76,340.727,360.546,94.42,94.42,587.9,592.51,49.975,49.98,0.94,0.94,1917084.75,1917205.0,0.4768700000001117,17.348454,True
2025-05-24 11:30:00+00:00,229.39,229.39,2.43,2.43,0.51,0.51,2.07,2.07,513.1,513.1,94.37,94.37,441.49,441.49,50.0,50.0,0.93,0.93,1917407.63,1917407.63,0.2026299999998882,17.858763,True
2025-05-24 11:45:00+00:00,229.81,229.81,2.44,2.44,0.51,0.51,2.05,2.05,513.02,513.02,94.44,94.44,437.65,437.65,50.0,50.0,0.93,0.93,1917586.5,1917586.5,0.1788700000001117,17.87372,True
2025-05-24 12:00:00+00:00,232.35,232.94,2.425,2.43,0.5,0.5,2.015,2.03,514.4849999999999,514.79,94.13,94.18,435.225,437.34,50.035,50.04,0.93,0.93,1917854.565,1917943.75,0.35725,17.416748,True
2025-05-24 12:15:00+00:00,232.67,232.67,2.43,2.43,0.5,0.5,2.0,2.0,514.38,514.38,93.96,93.96,433.16,433.16,50.09,50.09,0.93,0.93,1918122.5,1918122.5,0.17875,17.516016,True
2025-05-26 07:00:00+00:00,230.915,231.14,2.806,2.892,0.475,0.48,4.677,4.72,567.626,586.246,94.84,94.85,1027.331,1032.64,49.96,49.97,0.95,0.95,1926741.13,1926897.13,0.6296299999998882,18.772015,True
2025-05-27 07:30:00+00:00,237.3,237.3,2.65,2.65,0.49,0.49,3.39,3.39,595.65,595.65,93.94,93.94,788.89,788.89,50.4,50.4,0.97,0.97,1944923.13,1944923.13,0.3301299999998882,21.579517,True
2025-05-27 07:45:00+00:00,237.285,237.41,2.5650000000000004,2.64,0.49,0.49,3.49,3.582,575.12,592.91,93.915,93.98,778.1700000000001,797.948,50.31,50.32,0.97,0.97,1945400.94,1945558.13,0.635,20.190138,True
2025-05-27 08:00:00+00:00,236.04,236.04,2.49,2.49,0.5,0.5,2.832,2.832,555.14,555.14,93.95,93.95,632.624,632.624,50.17,50.17,0.97,0.97,1945871.75,1945871.75,0.3136200000001117,18.50048,True
2025-05-27 08:15:00+00:00,235.775,235.98,2.8,2.8,0.5,0.5,4.404,4.684,615.35,615.87,93.815,93.89,953.974,990.858,49.985,50.01,0.96,0.96,1946339.63,1946491.63,0.6198799999998882,19.412937,True
2025-05-27 08:30:00+00:00,235.26,235.26,2.79,2.79,0.5,0.5,4.684,4.684,615.49,615.49,93.6,93.6,990.858,990.858,49.96,49.96,0.96,0.96,1946801.0,1946801.0,0.3093700000001118,19.524519,True
2025-05-27 09:45:00+00:00,232.27,232.27,2.67,2.67,0.51,0.51,3.988,3.988,587.26,587.26,94.54,94.54,921.622,921.622,50.03,50.03,0.96,0.96,1948773.5,1948773.5,0.306,19.392166,True
2025-05-27 11:00:00+00:00,236.89,236.89,1.57,1.57,0.1,0.1,2.15,2.15,342.42,342.42,0.1,0.1,498.55,498.55,49.19,49.19,0.97,0.97,1949953.25,1949953.25,0.2296200000001117,16.317394,True
2025-05-27 11:45:00+00:00,237.21,237.21,1.71,1.71,0.1,0.1,2.91,2.91,372.56,372.56,0.1,0.1,613.51,613.51,49.18,49.18,0.97,0.97,1950599.63,1950599.63,0.162,17.00503,True
2025-05-27 12:00:00+00:00,237.31,237.35,1.525,1.53,0.1,0.1,2.15,2.15,334.475,334.77,0.1,0.1,496.58,496.81,49.2,49.21,0.97,0.97,1950814.19,1950885.13,0.2855,15.729235,True
2025-05-27 12:15:00+00:00,237.5,237.5,1.53,1.53,0.1,0.1,2.15,2.15,334.47,334.47,0.1,0.1,496.43,496.43,49.17,49.17,0.97,0.97,1951027.38,1951027.38,0.14225,17.071285,True
2025-05-27 12:30:00+00:00,237.12,237.12,1.54,1.54,0.1,0.1,1.99,1.99,337.01,337.01,0.1,0.1,467.39,467.39,49.21,49.21,0.98,0.98,1951154.5,1951154.5,0.1271200000001117,15.5759945,True
2025-05-27 12:45:00+00:00,237.11,237.2,1.39,1.53,0.1,0.1,2.0,2.0,307.1,334.9,0.1,0.1,465.99,467.95,49.19,49.2,0.975,0.98,1951356.255,1951421.38,0.2668799999998882,16.090487,True
2025-05-29 05:00:00+00:00,235.75,235.75,1.82,1.82,0.5,0.5,3.32,3.32,384.65,384.65,94.07,94.07,750.32,750.32,50.09,50.09,0.95,0.95,1974540.13,1974540.13,0.2015,17.446844,True
2025-05-29 06:45:00+00:00,231.255,231.27,2.916,2.916,0.505,0.51,4.396,4.396,555.082,555.082,93.905,94.13,967.01,967.01,50.04,50.04,0.95,0.95,1976773.13,1976941.13,0.6668799999998882,19.495512,True
2025-05-29 07:00:00+00:00,231.18,231.18,2.392,2.392,0.5,0.5,3.918,3.918,509.642,509.642,93.6,93.6,865.884,865.884,50.07,50.07,0.95,0.95,1977267.63,1977267.63,0.3265,18.272015,True
2025-05-29 07:15:00+00:00,231.64,231.64,3.03,3.03,0.5,0.5,4.454,4.454,611.144,611.144,93.52,93.52,983.424,983.424,50.0,50.0,0.95,0.95,1977591.0,1977591.0,0.3233700000001117,19.447353,True
2025-05-29 07:30:00+00:00,233.945,234.22,3.02,3.02,0.5,0.5,4.276,4.322,603.685,609.9,93.505,93.52,934.466,945.968,50.22,50.23,0.95,0.95,1978078.755,1978242.13,0.6511299999998882,20.309635,True
2025-05-29 07:45:00+00:00,234.76,234.76,2.96,2.96,0.5,0.5,4.256,4.256,599.996,599.996,93.31,93.31,950.428,950.428,50.19,50.19,0.96,0.96,1978568.0,1978568.0,0.3258700000001117,19.917892,True
2025-05-31 03:00:00+00:00,231.55,231.55,0.37,0.37,0.51,0.51,0.95,0.95,78.44,78.44,93.79,93.79,202.08,202.08,50.33,50.33,0.94,0.94,2004333.75,2004333.75,0.0488700000001117,19.271542,True
2025-05-31 03:15:00+00:00,229.85,229.92,0.37,0.37,0.51,0.51,0.945,0.95,78.43,78.52,93.125,93.16,200.985,201.04,50.39,50.45,0.94,0.94,2004429.44,2004461.25,0.1275,20.676407,True
2025-05-31 03:30:00+00:00,227.69,227.69,0.38,0.38,0.51,0.51,0.95,0.95,78.16,78.16,93.14,93.14,199.9,199.9,50.27,50.27,0.94,0.94,2004524.88,2004524.88,0.0636299999998882,18.350246,True
2025-05-31 03:45:00+00:00,225.9,225.9,0.38,0.38,0.52,0.52,0.94,0.94,78.11,78.11,93.46,93.46,199.22,199.22,50.07,50.07,0.94,0.94,2004588.38,2004588.38,0.0635,17.348469,True
2025-05-31 04:00:00+00:00,228.23,228.23,0.51,0.51,0.51,0.51,1.24,1.24,105.23,105.23,93.22,93.22,274.96,274.96,50.05,50.05,0.96,0.96,2004723.0,2004723.0,0.1346200000001117,16.80012,True
2025-05-31 04:15:00+00:00,228.88,228.88,0.37,0.37,0.51,0.51,1.24,1.24,78.65,78.65,93.27,93.27,275.44,275.44,50.13,50.13,0.97,0.97,2004800.25,2004800.25,0.07725,17.202,True
2025-05-31 04:30:00+00:00,228.88,228.88,0.37,0.37,0.51,0.51,1.24,1.24,78.65,78.65,93.27,93.27,275.44,275.44,50.13,50.13,0.97,0.97,2004800.25,2004800.25,0.0,17.202,True
2025-05-31 04:45:00+00:00,227.15,227.15,1.01,1.01,0.52,0.52,2.27,2.27,197.16,197.16,93.36,93.36,496.38,496.38,50.1,50.1,0.94,0.94,2005141.38,2005141.38,0.3411299999998882,17.360165,True
2025-05-31 05:00:00+00:00,227.49,227.95,1.13,1.24,0.515,0.52,2.44,2.61,220.94,243.44,93.355,93.44,536.32,573.82,50.125,50.15,0.945,0.95,2005355.815,2005430.38,0.289,17.55563,True
2025-05-31 05:15:00+00:00,226.64,226.64,1.64,1.64,0.52,0.52,2.13,2.13,338.12,338.12,93.49,93.49,460.02,460.02,50.11,50.11,0.94,0.94,2005584.88,2005584.88,0.1545,17.627745,True
2025-05-31 05:30:00+00:00,226.26,226.51,1.64,1.64,0.52,0.52,2.13,2.13,337.12,337.49,93.425,93.46,459.45,459.76,50.06,50.07,0.94,0.94,2005813.44,2005889.63,0.30475,17.455135,True
2025-05-31 05:45:00+00:00,224.61,224.61,1.64,1.64,0.52,0.52,2.18,2.18,335.52,335.52,93.52,93.52,467.07,467.07,49.94,49.94,0.94,0.94,2006041.63,2006041.63,0.152,17.522596,True
2025-05-31 06:00:00+00:00,224.645,225.23,1.65,1.65,0.52,0.52,2.365,2.38,335.68,336.06,93.555,93.6,500.7,504.95,49.96,50.0,0.94,0.94,2006278.94,2006358.5,0.3168700000001118,17.49483,True
2025-05-31 06:15:00+00:00,223.96,223.96,1.66,1.66,0.52,0.52,2.34,2.34,347.75,347.75,93.64,93.64,492.78,492.78,49.88,49.88,0.95,0.95,2006517.75,2006517.75,0.15925,17.904722,True
2025-05-31 06:30:00+00:00,228.235,228.26,1.64,1.64,0.51,0.51,3.205,3.21,348.69,348.78,93.24,93.24,694.135,697.41,49.995000000000005,50.02,0.96,0.96,2006787.94,2006885.38,0.3676299999998882,17.387632,True
2025-05-31 06:45:00+00:00,227.46,227.46,2.66,2.66,0.51,0.51,4.426,4.426,568.57,568.57,93.04,93.04,987.534,987.534,49.96,49.96,0.96,0.96,2007149.63,2007149.63,0.26425,19.431868,True
2025-05-31 07:00:00+00:00,228.47,228.47,2.63,2.63,0.51,0.51,4.07,4.07,563.76,563.76,93.02,93.02,910.284,910.284,49.99,49.99,0.96,0.96,2007476.13,2007476.13,0.3265,19.025284,True
2025-06-04 03:15:00+00:00,227.83,227.83,0.48,0.48,0.49,0.49,1.46,1.46,97.33,97.33,86.83,86.83,313.63,313.63,50.18,50.18,0.94,0.94,2063471.63,2063471.63,0.1585,15.448328,True
2025-06-09 05:00:00+00:00,231.44,231.44,1.31,1.31,0.5,0.5,2.52,2.52,251.76,251.76,92.3,92.3,570.85,570.85,49.9,49.9,0.95,0.95,2122343.5,2122343.5,0.61575,16.582382,True
2025-06-09 05:15:00+00:00,231.44,231.46,1.375,1.44,0.5,0.5,1.98,1.98,271.13,290.14,92.315,92.34,439.73,439.98,49.95,49.98,0.925,0.93,2122553.125,2122623.25,0.27975,16.232622,True
2025-06-09 11:45:00+00:00,235.2,235.2,1.32,1.32,0.48,0.48,2.71,2.71,263.28,263.28,89.71,89.71,619.54,619.54,49.98,49.98,0.94,0.94,2130338.0,2130338.0,0.6335,15.123823,True
2025-06-10 01:30:00+00:00,230.445,230.91,0.145,0.22,0.5,0.5,0.12,0.12,23.455,35.11,92.495,92.68,5.3100000000000005,5.44,49.985,50.02,0.83,0.83,2133862.125,2133874.5,0.03875,17.368301,True
2025-06-10 01:45:00+00:00,230.11,230.11,0.07,0.07,0.5,0.5,0.13,0.13,11.05,11.05,92.33,92.33,5.66,5.66,50.03,50.03,0.83,0.83,2133893.0,2133893.0,0.0185,17.377216,True
2025-06-10 02:15:00+00:00,229.46,229.46,0.06,0.06,0.51,0.51,1.34,1.34,10.63,10.63,93.11,93.11,293.53,293.53,50.22,50.22,0.94,0.94,2134025.0,2134025.0,0.0595,17.891287,True
2025-06-10 02:30:00+00:00,228.71,228.96,0.065,0.07,0.51,0.51,1.33,1.33,10.575,10.64,93.025,93.05,291.83,292.03,50.205,50.26,0.94,0.94,2134126.625,2134160.5,0.1355,18.005943,True
2025-06-10 02:45:00+00:00,227.18,227.18,0.07,0.07,0.51,0.51,1.34,1.34,10.45,10.45,93.08,93.08,290.35,290.35,50.07,50.07,0.94,0.94,2134227.75,2134227.75,0.06725,16.940226,True
2025-06-10 03:00:00+00:00,225.84,225.84,0.06,0.06,0.52,0.52,1.34,1.34,10.27,10.27,93.1,93.1,289.25,289.25,49.96,49.96,0.94,0.94,2134295.0,2134295.0,0.06725,17.37255,True
2025-06-10 03:45:00+00:00,226.775,226.98,0.6,1.14,0.5,0.5,0.99,0.99,115.01,219.63,89.89500000000001,89.95,217.205,217.39,50.065,50.08,0.92,0.94,2134552.5,2134582.25,0.10725,15.792717,True
2025-06-10 04:00:00+00:00,225.0,225.0,1.14,1.14,0.5,0.5,0.99,0.99,217.29,217.29,89.74,89.74,216.69,216.69,49.96,49.96,0.91,0.91,2134671.75,2134671.75,0.0895,15.765607,True
2025-06-10 04:15:00+00:00,224.75,224.87,0.915,1.14,0.51,0.51,1.0550000000000002,1.12,182.615,218.24,89.88499999999999,90.02,227.995,240.33,49.98,50.04,0.925,0.94,2134805.625,2134849.75,0.178,16.132885,True
2025-06-10 04:30:00+00:00,224.81,224.81,1.14,1.14,0.51,0.51,1.3,1.3,218.13,218.13,89.8,89.8,278.66,278.66,49.94,49.94,0.92,0.92,2134942.25,2134942.25,0.0925,16.190866,True
2025-06-10 04:45:00+00:00,231.32,232.85,1.76,1.77,0.485,0.49,1.275,1.28,363.305,363.62,89.03,89.21,281.95,283.14,50.015,50.04,0.93,0.93,2135089.875,2135127.5,0.18525,15.322281,True
2025-06-10 05:00:00+00:00,228.78,228.78,1.76,1.76,0.5,0.5,2.07,2.07,361.46,361.46,89.33,89.33,461.91,461.91,49.92,49.92,0.95,0.95,2135276.5,2135276.5,0.149,16.112272,True
2025-06-10 05:15:00+00:00,229.395,229.65,1.45,1.76,0.495,0.5,2.145,2.22,291.45500000000004,362.29,89.36500000000001,89.44,479.955,496.86,50.005,50.01,0.945,0.95,2135508.5,2135584.25,0.30775,15.73197,True
2025-06-10 05:30:00+00:00,229.14,229.14,1.02,1.02,0.49,0.49,2.22,2.22,181.09,181.09,89.33,89.33,496.43,496.43,50.01,50.01,0.94,0.94,2135715.75,2135715.75,0.1315,15.205832,True
2025-06-10 05:45:00+00:00,229.055,229.14,1.02,1.02,0.49,0.49,2.225,2.23,181.135,181.33,89.375,89.39,495.38,495.95,49.995,50.01,0.93,0.93,2135912.25,2135977.75,0.262,15.208903,True
2025-06-10 06:00:00+00:00,228.99,228.99,1.02,1.02,0.49,0.49,1.93,1.93,181.21,181.21,89.41,89.41,421.83,421.83,50.01,50.01,0.91,0.91,2136112.0,2136112.0,0.13425,15.181256,True
2025-06-10 06:15:00+00:00,229.03,229.03,1.02,1.02,0.49,0.49,1.92,1.92,180.54,180.54,89.44,89.44,420.77,420.77,49.99,49.99,0.91,0.91,2136231.25,2136231.25,0.11925,15.195663,True
2025-06-11 03:45:00+00:00,228.32,228.32,1.0,1.0,0.51,0.51,1.46,1.46,193.69,193.69,92.65,92.65,322.89,322.89,49.93,49.93,0.95,0.95,2149270.5,2149270.5,0.10025,16.713577,True
2025-06-13 06:45:00+00:00,231.93,231.93,2.91,2.91,0.47,0.47,4.73,4.73,602.62,602.62,83.52,83.52,1053.26,1053.26,50.03,50.03,0.94,0.94,2179815.0,2179815.0,0.297,16.722183,True
2025-06-13 07:00:00+00:00,231.4,231.42,2.591,2.92,0.495,0.52,4.73,4.74,538.787,601.38,88.87,94.17,1050.08,1050.08,50.01,50.04,0.94,0.94,2180267.875,2180423.0,0.608,19.273502,True
2025-06-13 07:15:00+00:00,231.8,231.8,2.852,2.852,0.52,0.52,4.73,4.73,571.01,571.01,94.3,94.3,1051.68,1051.68,50.03,50.03,0.94,0.94,2180729.5,2180729.5,0.3065,20.407833,True
2025-06-14 04:00:00+00:00,231.42,231.42,0.09,0.09,0.47,0.47,1.01,1.01,17.24,17.24,91.01,91.01,215.03,215.03,49.96,49.96,0.93,0.93,2192252.75,2192252.75,0.06375,14.9876175,True
2025-06-19 04:30:00+00:00,230.98,230.98,0.68,0.68,0.51,0.51,1.52,1.52,146.91,146.91,94.71,94.71,333.38,333.38,50.18,50.18,0.95,0.95,2259121.75,2259121.75,0.07775,17.604736,True
2025-06-19 04:45:00+00:00,230.03,230.03,1.48,1.48,0.51,0.51,2.61,2.61,289.04,289.04,94.25,94.25,574.16,574.16,50.12,50.12,0.93,0.93,2259396.0,2259396.0,0.27425,17.39205,True
2025-06-19 05:00:00+00:00,230.03,230.03,1.48,1.48,0.51,0.51,2.61,2.61,289.04,289.04,94.25,94.25,574.16,574.16,50.12,50.12,0.93,0.93,2259396.0,2259396.0,0.0,17.39205,True
2025-06-19 05:15:00+00:00,230.03,230.03,1.48,1.48,0.51,0.51,2.61,2.61,289.04,289.04,94.25,94.25,574.16,574.16,50.12,50.12,0.93,0.93,2259396.0,2259396.0,0.0,17.39205,True
2025-06-19 05:30:00+00:00,230.03,230.03,1.48,1.48,0.51,0.51,2.61,2.61,289.04,289.04,94.25,94.25,574.16,574.16,50.12,50.12,0.93,0.93,2259396.0,2259396.0,0.0,17.39205,True
2025-06-19 05:45:00+00:00,230.03,230.03,1.48,1.48,0.51,0.51,2.61,2.61,289.04,289.04,94.25,94.25,574.16,574.16,50.12,50.12,0.93,0.93,2259396.0,2259396.0,0.0,17.39205,True
2025-06-19 06:00:00+00:00,230.03,230.03,1.48,1.48,0.51,0.51,2.61,2.61,289.04,289.04,94.25,94.25,574.16,574.16,50.12,50.12,0.93,0.93,2259396.0,2259396.0,0.0,17.39205,True
2025-06-19 06:15:00+00:00,230.03,230.03,1.48,1.48,0.51,0.51,2.61,2.61,289.04,289.04,94.25,94.25,574.16,574.16,50.12,50.12,0.93,0.93,2259396.0,2259396.0,0.0,17.39205,True
2025-06-19 06:30:00+00:00,230.03,230.03,1.48,1.48,0.51,0.51,2.61,2.61,289.04,289.04,94.25,94.25,574.16,574.16,50.12,50.12,0.93,0.93,2259396.0,2259396.0,0.0,17.39205,True
2025-06-19 06:45:00+00:00,230.03,230.03,1.48,1.48,0.51,0.51,2.61,2.61,289.04,289.04,94.25,94.25,574.16,574.16,50.12,50.12,0.93,0.93,2259396.0,2259396.0,0.0,17.39205,True
2025-06-19 07:00:00+00:00,230.03,230.03,1.48,1.48,0.51,0.51,2.61,2.61,289.04,289.04,94.25,94.25,574.16,574.16,50.12,50.12,0.93,0.93,2259396.0,2259396.0,0.0,17.39205,True
2025-06-19 07:15:00+00:00,230.03,230.03,1.48,1.48,0.51,0.51,2.61,2.61,289.04,289.04,94.25,94.25,574.16,574.16,50.12,50.12,0.93,0.93,2259396.0,2259396.0,0.0,17.39205,True
2025-06-19 07:30:00+00:00,230.03,230.03,1.48,1.48,0.51,0.51,2.61,2.61,289.04,289.04,94.25,94.25,574.16,574.16,50.12,50.12,0.93,0.93,2259396.0,2259396.0,0.0,17.39205,True
2025-06-19 07:45:00+00:00,230.03,230.03,1.48,1.48,0.51,0.51,2.61,2.61,289.04,289.04,94.25,94.25,574.16,574.16,50.12,50.12,0.93,0.93,2259396.0,2259396.0,0.0,17.39205,True
2025-06-19 08:00:00+00:00,230.03,230.03,1.48,1.48,0.51,0.51,2.61,2.61,289.04,289.04,94.25,94.25,574.16,574.16,50.12,50.12,0.93,0.93,2259396.0,2259396.0,0.0,17.39205,True
2025-06-19 08:15:00+00:00,230.03,230.03,1.48,1.48,0.51,0.51,2.61,2.61,289.04,289.04,94.25,94.25,574.16,574.16,50.12,50.12,0.93,0.93,2259396.0,2259396.0,0.0,17.39205,True
2025-06-19 08:30:00+00:00,230.03,230.03,1.48,1.48,0.51,0.51,2.61,2.61,289.04,289.04,94.25,94.25,574.16,574.16,50.12,50.12,0.93,0.93,2259396.0,2259396.0,0.0,17.39205,True
2025-06-19 08:45:00+00:00,230.03,230.03,1.48,1.48,0.51,0.51,2.61,2.61,289.04,289.04,94.25,94.25,574.16,574.16,50.12,50.12,0.93,0.93,2259396.0,2259396.0,0.0,17.39205,True
2025-06-19 09:00:00+00:00,230.03,230.03,1.48,1.48,0.51,0.51,2.61,2.61,289.04,289.04,94.25,94.25,574.16,574.16,50.12,50.12,0.93,0.93,2259396.0,2259396.0,0.0,17.39205,True
2025-06-19 09:15:00+00:00,230.03,230.03,1.48,1.48,0.51,0.51,2.61,2.61,289.04,289.04,94.25,94.25,574.16,574.16,50.12,50.12,0.93,0.93,2259396.0,2259396.0,0.0,17.39205,True
2025-06-19 09:30:00+00:00,230.03,230.03,1.48,1.48,0.51,0.51,2.61,2.61,289.04,289.04,94.25,94.25,574.16,574.16,50.12,50.12,0.93,0.93,2259396.0,2259396.0,0.0,17.39205,True
2025-06-19 09:45:00+00:00,230.03,230.03,1.48,1.48,0.51,0.51,2.61,2.61,289.04,289.04,94.25,94.25,574.16,574.16,50.12,50.12,0.93,0.93,2259396.0,2259396.0,0.0,17.39205,True
2025-06-19 10:00:00+00:00,230.03,230.03,1.48,1.48,0.51,0.51,2.61,2.61,289.04,289.04,94.25,94.25,574.16,574.16,50.12,50.12,0.93,0.93,2259396.0,2259396.0,0.0,17.39205,True
2025-06-19 10:15:00+00:00,230.03,230.03,1.48,1.48,0.51,0.51,2.61,2.61,289.04,289.04,94.25,94.25,574.16,574.16,50.12,50.12,0.93,0.93,2259396.0,2259396.0,0.0,17.39205,True
2025-06-19 10:30:00+00:00,230.03,230.03,1.48,1.48,0.51,0.51,2.61,2.61,289.04,289.04,94.25,94.25,574.16,574.16,50.12,50.12,0.93,0.93,2259396.0,2259396.0,0.0,17.39205,True
2025-06-19 10:45:00+00:00,230.03,230.03,1.48,1.48,0.51,0.51,2.61,2.61,289.04,289.04,94.25,94.25,574.16,574.16,50.12,50.12,0.93,0.93,2259396.0,2259396.0,0.0,17.39205,True
2025-06-19 11:00:00+00:00,230.03,230.03,1.48,1.48,0.51,0.51,2.61,2.61,289.04,289.04,94.25,94.25,574.16,574.16,50.12,50.12,0.93,0.93,2259396.0,2259396.0,0.0,17.39205,True
2025-06-19 11:15:00+00:00,230.03,230.03,1.48,1.48,0.51,0.51,2.61,2.61,289.04,289.04,94.25,94.25,574.16,574.16,50.12,50.12,0.93,0.93,2259396.0,2259396.0,0.0,17.39205,True
2025-06-19 11:30:00+00:00,230.03,230.03,1.48,1.48,0.51,0.51,2.61,2.61,289.04,289.04,94.25,94.25,574.16,574.16,50.12,50.12,0.93,0.93,2259396.0,2259396.0,0.0,17.39205,True
2025-06-19 11:45:00+00:00,230.03,230.03,1.48,1.48,0.51,0.51,2.61,2.61,289.04,289.04,94.25,94.25,574.16,574.16,50.12,50.12,0.93,0.93,2259396.0,2259396.0,0.0,17.39205,True
2025-06-19 12:00:00+00:00,230.03,230.03,1.48,1.48,0.51,0.51,2.61,2.61,289.04,289.04,94.25,94.25,574.16,574.16,50.12,50.12,0.93,0.93,2259396.0,2259396.0,0.0,17.39205,True
2025-06-19 12:15:00+00:00,230.03,230.03,1.48,1.48,0.51,0.51,2.61,2.61,289.04,289.04,94.25,94.25,574.16,574.16,50.12,50.12,0.93,0.93,2259396.0,2259396.0,0.0,17.39205,True
2025-06-19 12:30:00+00:00,230.03,230.03,1.48,1.48,0.51,0.51,2.61,2.61,289.04,289.04,94.25,94.25,574.16,574.16,50.12,50.12,0.93,0.93,2259396.0,2259396.0,0.0,17.39205,True
