metric,count,mean,std,min,25%,50%,75%,max
Voltage_mean,34036.0,235.09496246621225,97.93262442569132,0.1,230.26,233.22,236.98000000000002,7053.0
Voltage_max,34036.0,235.33899018686097,97.92550430413176,0.1,231.0,233.37,237.14,7053.0
R Current_mean,34036.0,0.8182541867434481,0.699830605317138,0.04,0.1,0.7,1.14,3.03
R Current_max,34036.0,0.846382359854272,0.7166289581157558,0.04,0.1,0.73,1.25,3.03
Y Current_mean,34036.0,0.10465777585941846,0.04176319225419498,0.04,0.1,0.1,0.1,0.53
Y Current_max,34036.0,0.10511001140374897,0.043858570806899956,0.04,0.1,0.1,0.1,0.53
B Current_mean,34036.0,1.598318696869981,1.0851205313339212,0.04,0.71,1.39,2.475,4.79
B Current_max,34036.0,1.6118010341990832,1.0951530448767262,0.04,0.72,1.4,2.48,4.79
R Power_mean,34036.0,158.66196250048966,148.29929732889852,-5.445,0.1,144.3325,226.07125,630.84
R Power_max,34036.0,165.34488894112113,152.10106360332304,-5.35,0.1,144.925,248.87,630.84
Y Power_mean,34036.0,2.3969597974693464,9.780469659965965,0.1,0.1,0.1,0.1,94.84
Y Power_max,34036.0,2.524571571277471,10.222832931968902,0.1,0.1,0.1,0.1,94.85
B Power_mean,34036.0,347.76289849473113,244.57595116561532,0.1,142.9,302.4925,551.535,1061.78
B Power_max,34036.0,350.6534395346104,246.70435447593638,0.1,143.4775,305.44,552.04,1061.91
Frequency_mean,34036.0,50.00550043581306,0.06371968194523138,49.17,49.975,50.015,50.035,50.46
Frequency_max,34036.0,50.01750740392525,0.06714397046804259,49.17,49.98,50.03,50.06,50.46
Power Factor_mean,34036.0,0.9287138226191874,0.03747694435495557,0.55,0.92,0.94,0.95,1.0
Power Factor_max,34036.0,0.9295369608649665,0.037127418487715724,0.55,0.92,0.94,0.95,1.0
Total Energy_mean,34036.0,2322474.0836665933,1124046.7086066022,0.1,1304188.2374999998,2495899.3125,3398035.375,4208342.0
Total Energy_max,34036.0,2322496.8590349043,1124053.989022462,0.1,1304201.595,2495938.0,3398044.75,4208342.0
energy_delta_kwh,34036.0,0.060407877365142755,12.17530074989182,-2152.299386,0.001,0.04875,0.13080999999995402,564.9755
